"product_id","date_created","date_changed","last_changed"
"1h-H001","","",""
"1h-H002","","",""
"1h-H004","","",""
"1h-H005","","",""
"1h-H006","","",""
"1h-H007","","",""
"1h-H008","","",""
"1h-H009","","",""
"1h-H010","","",""
"1h-H011","","",""
"1h-H012","","",""
"1h-H013","","",""
"1h-H015","","",""
"1h-H016","","",""
"1h-K010","","",""
"1h-S001","","",""
"1h-S002","","",""
"1h-S003","","",""
"1h-S004","","",""
"4Q-25LH-MCL4","","",""
"60-K63B-P9RF","2025/10/02 11:06:30","2025/10/02 11:06:30","大場凪"
"7L-4B4I-F0JE","","",""
"83-P8T5-5J6H","","",""
"A8H-020","2025/08/19 10:36:05","2025/08/19 10:36:05","諸喜田 栄"
"AB-001","","",""
"AB-009","","",""
"AD-000","2022/03/21 20:08:48","2022/03/21 20:08:48","ゆめじん有限会社"
"AD-001","2022/03/21 20:09:15","2022/03/21 20:09:15","ゆめじん有限会社"
"AD-002","2022/03/21 20:09:40","2022/03/21 20:09:40","ゆめじん有限会社"
"AD-012","","",""
"AD-015","","",""
"AD-016","","",""
"At-001","2022/03/21 19:41:46","2022/03/21 19:41:46","ゆめじん有限会社"
"At-002","2022/03/21 19:52:02","2022/03/21 19:52:02","ゆめじん有限会社"
"At-cu001","2022/03/21 20:11:22","2022/03/21 20:11:22","ゆめじん有限会社"
"At-cu002","2022/03/21 20:11:47","2022/03/21 20:11:47","ゆめじん有限会社"
"At-p1-01","","",""
"At-p1-01u","2022/03/21 19:51:18","2022/03/21 19:51:18","ゆめじん有限会社"
"B1-HOVQ-HCIN","","",""
"BDWD-001","2025/01/29 11:26:18","2025/01/29 11:26:18","ゆめじん有限会社"
"BDWD-002","2025/01/29 11:26:51","2025/01/29 11:26:51","ゆめじん有限会社"
"BDWD-003","2025/01/29 11:27:15","2025/01/29 11:27:15","ゆめじん有限会社"
"BDWD-004","2025/01/29 11:27:44","2025/01/29 11:27:44","ゆめじん有限会社"
"CF-K6KB-45WT","","",""
"colorful-test","2022/03/11 21:23:09","2022/03/11 21:23:09","カラフルクローバー様"
"colorful-test_20220627","","",""
"colorful-test_p01","2022/03/14 18:42:38","2022/03/14 18:42:38","カラフルクローバー様"
"colorful-test_p02","2022/03/14 14:02:43","2022/03/14 14:02:43","カラフルクローバー様"
"colorful-test_p03","2022/03/14 14:10:53","2022/03/14 14:10:53","カラフルクローバー様"
"colorful-test-regular","2022/03/14 12:12:12","2022/03/14 12:12:12","カラフルクローバー様"
"CS10-A001","","",""
"CS10-A002","","",""
"CS10-B001","","",""
"CS10-B002","","",""
"CS10-B003","","",""
"CS10-B004","","",""
"CS10-GF001","","",""
"CS10-GF001s","","",""
"CS10-GF001s_x","","",""
"CS10-GF002","","",""
"CS10-GF002s","","",""
"CS10-GF003","","",""
"CS10-GF003s","","",""
"CS10-GSP-001-70","2022/04/17 21:07:55","2022/04/17 21:07:55","ゆめじん有限会社"
"CS10-GSP-001-70s","","",""
"CS10-GSP-001-77","2025/01/20 10:33:24","2025/01/20 10:33:24","ゆめじん有限会社"
"CS10-GSP-001-77s","2025/01/20 10:33:55","2025/01/20 10:33:55","ゆめじん有限会社"
"CS10-H001","","",""
"CS10-H001u","","",""
"CS10-H001x","","",""
"CS10-H002","","",""
"CS10-H003","","",""
"CS10-H004","","",""
"CS10-H005","","",""
"CS10-H006","","",""
"CS10-H007","","",""
"CS10-H008","","",""
"CS10-H009","","",""
"CS10-H010","","",""
"CS10-HAM001","","",""
"CS10-HAM002","","",""
"CS10-O001","","",""
"CS10-O002","","",""
"CS10-O003","","",""
"CS10-ORe-20","","",""
"CS10-OR-SE001","","",""
"CS10-S001","","",""
"CS10-S002","","",""
"CS10-S003","","",""
"CS10-S004","","",""
"CS10-S005","","",""
"CS10-S-008","","",""
"CS10-S-009","","",""
"CS10-T001","","",""
"CS10-T001-2","","",""
"CS10-T002","","",""
"CS10-T003","","",""
"CS10T-TKS-008","2022/03/21 14:33:37","2022/03/21 14:33:37","ゆめじん有限会社"
"EE-APSD-02CZ","","",""
"FDCP2025-001","2025/05/16 12:13:43","2025/05/16 12:13:43","ゆめじん有限会社"
"FDCP2025-002","2025/05/16 12:14:20","2025/05/16 12:14:20","ゆめじん有限会社"
"FDCP2025-003","2025/05/16 12:14:47","2025/05/16 12:14:47","ゆめじん有限会社"
"FDCP2025-004","2025/05/15 10:22:00","2025/05/15 10:22:00","ゆめじん有限会社"
"FDCP2025-005","2025/05/15 10:22:18","2025/05/15 10:22:18","ゆめじん有限会社"
"FDCP2025-006","2025/05/15 10:22:40","2025/05/15 10:22:40","ゆめじん有限会社"
"FDCP2025-007","2025/05/15 11:01:33","2025/05/15 11:01:33","江中 真知子"
"Fi-hs01","","",""
"Fi-hs01t","2022/03/21 20:33:19","2022/03/21 20:33:19","ゆめじん有限会社"
"GB-01","","",""
"GB-02","","",""
"GC-8379-WPXJ","","",""
"G-hs-01","","",""
"G-hs-01t","2022/03/21 20:32:07","2022/03/21 20:32:07","ゆめじん有限会社"
"GSP-001","2025/01/20 16:43:47","2025/01/20 16:43:47","ゆめじん有限会社"
"GSP-001_70","2022/04/17 21:08:10","2022/04/17 21:08:10","ゆめじん有限会社"
"GSP-001_70-2","2025/01/20 10:34:33","2025/01/20 10:34:33","ゆめじん有限会社"
"GSP-002_70","","",""
"H-001","2022/04/14 00:10:27","2022/04/14 00:10:27","カラフルクローバー様"
"H-001u","2022/04/14 00:11:21","2022/04/14 00:11:21","カラフルクローバー様"
"H-001x","2022/03/22 09:17:20","2022/03/22 09:17:20","ゆめじん有限会社"
"H-002","2022/04/14 00:12:11","2022/04/14 00:12:11","カラフルクローバー様"
"H-004","2022/04/13 23:17:09","2022/04/13 23:17:09","カラフルクローバー様"
"H-005","2022/04/14 00:02:54","2022/04/14 00:02:54","カラフルクローバー様"
"H-006","2025/08/08 16:31:01","2025/08/08 16:31:01","諸喜田 栄"
"H-007","2022/04/14 00:04:58","2022/04/14 00:04:58","カラフルクローバー様"
"H-008","2022/04/14 00:06:33","2022/04/14 00:06:33","カラフルクローバー様"
"H-009","2022/04/14 03:35:43","2022/04/14 03:35:43","カラフルクローバー様"
"H-010","","",""
"H-011","","",""
"H-012","2022/04/14 03:49:29","2022/04/14 03:49:29","カラフルクローバー様"
"H-013","","",""
"H-014","","",""
"H-015","","",""
"H-016","","",""
"H-020","2022/03/30 04:46:45","2022/03/30 04:46:45","カラフルクローバー様"
"H-021","","",""
"H-022","2022/03/30 04:50:07","2022/03/30 04:50:07","カラフルクローバー様"
"H-030","","",""
"H-040","2022/04/14 00:45:57","2022/04/14 00:45:57","カラフルクローバー様"
"HAM-001","2022/04/12 06:41:04","2022/04/12 06:41:04","カラフルクローバー様"
"HAM-001-04","2022/03/21 20:20:03","2022/03/21 20:20:03","ゆめじん有限会社"
"HAM-001-04_5","2022/03/22 11:59:13","2022/03/22 11:59:13","ゆめじん有限会社"
"HAM-002","2025/10/02 11:11:35","2025/10/02 11:11:35","大場凪"
"hibiscus-shampoo","2022/04/21 02:12:59","2022/04/21 02:12:59","カラフルクローバー様"
"hibiscus-treatment","","",""
"HK-010","2022/04/14 00:26:18","2022/04/14 00:26:18","カラフルクローバー様"
"HK-012","2022/04/14 03:50:35","2022/04/14 03:50:35","カラフルクローバー様"
"HK-013","","",""
"HK-014","","",""
"JAA001","","",""
"JAA002","","",""
"JAA003","","",""
"JAA006","","",""
"K-010","2022/03/30 04:50:35","2022/03/30 04:50:35","カラフルクローバー様"
"K-011","","",""
"K-012","","",""
"KH-001","","",""
"KH-002","","",""
"KH-004","","",""
"KH-005","","",""
"KH-006","","",""
"KH-007","","",""
"KH-008","","",""
"KH-009","","",""
"KH-010","","",""
"KH-020","","",""
"KH-021","","",""
"KK-010","","",""
"kokuto-bodysoap","","",""
"KS-001","","",""
"KS-002","","",""
"KS-004","","",""
"M6-2K95-17CK","","",""
"MDCP2025-001","2025/04/01 14:55:23","2025/04/01 14:55:23","ゆめじん有限会社"
"MDCP2025-002","2025/04/01 14:49:03","2025/04/01 14:49:03","ゆめじん有限会社"
"MDCP2025-003","2025/04/01 14:43:56","2025/04/01 14:43:56","ゆめじん有限会社"
"MDCP2025-004","2025/04/02 10:02:31","2025/04/02 10:02:31","ゆめじん有限会社"
"MDCP2025-005","2025/04/08 11:25:52","2025/04/08 11:25:52","ゆめじん有限会社"
"MP-001","","",""
"MP-009","","",""
"ORe-20","2025/02/17 16:05:44","2025/02/17 16:05:44","ゆめじん有限会社"
"OR-SE001","2025/11/14 13:32:04","2025/11/14 13:32:04","大場凪"
"OR-SE001DM01","2022/03/21 20:26:17","2022/03/21 20:26:17","ゆめじん有限会社"
"OR-SE001SD","","",""
"OR-SE001SM","","",""
"R6-1VW4-TA45","","",""
"ReU-001","","",""
"RL-X058-0E02","","",""
"RRH-005","","",""
"RS_OR-SE001","","",""
"RS_T-OR-SE001","2022/03/21 20:36:40","2022/03/21 20:36:40","ゆめじん有限会社"
"RS-001","","",""
"RS-001t","2022/03/21 20:30:36","2022/03/21 20:30:36","ゆめじん有限会社"
"S-001","2022/04/04 06:32:59","2022/04/04 06:32:59","カラフルクローバー様"
"S-002","2022/04/14 00:37:51","2022/04/14 00:37:51","カラフルクローバー様"
"S-003","","",""
"S-004","2022/04/14 00:50:45","2022/04/14 00:50:45","カラフルクローバー様"
"S-005","2022/04/14 00:53:08","2022/04/14 00:53:08","カラフルクローバー様"
"S-006","","",""
"S-007","","",""
"S-008","2022/04/14 00:48:22","2022/04/14 00:48:22","カラフルクローバー様"
"S-009","2022/04/14 00:41:12","2022/04/14 00:41:12","カラフルクローバー様"
"S-GSP-001","2025/01/20 10:35:14","2025/01/20 10:35:14","ゆめじん有限会社"
"SH-001","","",""
"SH-002","","",""
"SH-004","","",""
"SH-005","","",""
"SH-006","","",""
"SH-007","","",""
"SH-008","","",""
"SH-009","","",""
"SH-010","","",""
"SH-011","","",""
"SH-012","","",""
"SH-013","","",""
"SH-015","","",""
"SH-016","","",""
"SH-020","","",""
"SH-021","","",""
"SK-010","","",""
"SK-011","","",""
"SK-012","","",""
"Sp-a001c","2022/03/21 20:07:19","2022/03/21 20:07:19","ゆめじん有限会社"
"SPCP2025-001","2025/03/18 10:01:26","2025/03/18 10:01:26","ゆめじん有限会社"
"SPCP2025-002","2025/03/18 10:01:58","2025/03/18 10:01:58","ゆめじん有限会社"
"SPCP2025-003","2025/03/18 10:02:26","2025/03/18 10:02:26","ゆめじん有限会社"
"SPL-001","","",""
"SPL-002","","",""
"SPL-0020","","",""
"SPL-004","","",""
"SPL-006","","",""
"SPL-006-2","2024/05/07 16:26:27","2024/05/07 16:26:27","ゆめじん有限会社"
"SPL-008","","",""
"SPL-009","","",""
"SPL-020","","",""
"SPL-03","","",""
"SPL-OR-001","","",""
"Sp-p1-01","","",""
"Sp-p1-01t","2022/03/21 20:34:50","2022/03/21 20:34:50","ゆめじん有限会社"
"SS-001","","",""
"SS-002","","",""
"SS-003","","",""
"SS-004","","",""
"SS-005","","",""
"SS10-S001","","",""
"SS10T-S001","2025/12/09 15:58:02","2025/12/09 15:58:02","新城さつき"
"SS13A-0001","","",""
"SS13A-0002","","",""
"SS13B-0001","","",""
"SS13B-0002","","",""
"SS13B-0003","","",""
"SS13B-TK03","2025/12/09 15:47:14","2025/12/09 15:47:14","新城さつき"
"SS13H-0001","","",""
"SS13H-0002","","",""
"SS13H-0003","","",""
"SS13H-0004","","",""
"SS13H-0011","","",""
"SS13H-0012","","",""
"SS13H-0014","","",""
"SS13H-0015","","",""
"SS13H-TK01","2025/12/09 15:23:09","2025/12/09 15:23:09","新城さつき"
"SS13H-TK01u","2025/12/09 15:23:29","2025/12/09 15:23:29","新城さつき"
"SS13H-TK02","2025/12/09 15:45:46","2025/12/09 15:45:46","新城さつき"
"SS13H-TK04","2025/12/09 15:38:03","2025/12/09 15:38:03","新城さつき"
"SS13H-TK06","2025/12/09 15:44:12","2025/12/09 15:44:12","新城さつき"
"SS13H-TK06u","2025/12/09 15:44:34","2025/12/09 15:44:34","新城さつき"
"SS13H-TK06x","2022/03/21 14:44:58","2022/03/21 14:44:58","ゆめじん有限会社"
"SS13H-TK06x2","","",""
"SS13H-TK06xx","","",""
"SS13H-TK12","2025/12/09 15:39:51","2025/12/09 15:39:51","新城さつき"
"SS13O-0001","","",""
"SS13O-0002","","",""
"SS13S-0001","","",""
"SS13S-0002","","",""
"SS13S-0003","","",""
"SS13S-0004","","",""
"SS13S-0005","","",""
"SS13S-OR-SE001","2025/12/09 15:58:58","2025/12/09 15:58:58","新城さつき"
"SS13S-TK01","2025/12/09 15:56:31","2025/12/09 15:56:31","新城さつき"
"SS13S-TK02","2025/12/09 15:18:49","2025/12/09 15:18:49","新城さつき"
"SS13S-TK03","2025/12/09 15:14:33","2025/12/09 15:14:33","新城さつき"
"SS13S-TK04","2025/12/09 15:20:26","2025/12/09 15:20:26","新城さつき"
"SS13S-TK05","2025/12/09 15:57:18","2025/12/09 15:57:18","新城さつき"
"SS13T-0001","","",""
"SS13T-0002","","",""
"SS13T-TK03","2022/03/21 14:51:23","2022/03/21 14:51:23","ゆめじん有限会社"
"SS13T-TK04","2022/03/22 09:59:36","2022/03/22 09:59:36","ゆめじん有限会社"
"SS13T-TKA-001","2022/03/22 09:57:33","2022/03/22 09:57:33","ゆめじん有限会社"
"T6H-002","","",""
"T6H-009","","",""
"T6H-010","","",""
"T6H-012","","",""
"T6H-016","","",""
"T6K-010","","",""
"T6K-012","","",""
"T6K-013","","",""
"T6S-001","","",""
"T6S-003","","",""
"T6S-004","","",""
"T6S-005","","",""
"TB-H-016","","",""
"test_H-001","2022/03/18 09:41:47","2022/03/18 09:41:47","ゆめじん有限会社"
"test_H-001_2","2022/03/18 20:50:05","2022/03/18 20:50:05","ゆめじん有限会社"
"test-TK-001","2022/03/19 17:29:20","2022/03/19 17:29:20","ゆめじん有限会社"
"THK-010","2022/03/21 14:20:11","2022/03/21 14:20:11","ゆめじん有限会社"
"THK-011","2022/03/19 17:28:39","2022/03/19 17:28:39","ゆめじん有限会社"
"TK-001","2022/03/19 17:27:19","2022/03/19 17:27:19","ゆめじん有限会社"
"TK-001u","2022/03/19 17:26:17","2022/03/19 17:26:17","ゆめじん有限会社"
"TK-001x","2022/03/22 09:18:28","2022/03/22 09:18:28","ゆめじん有限会社"
"TK-002","2022/04/14 10:11:22","2022/04/14 10:11:22","ゆめじん有限会社"
"TK-002_1","2022/03/21 14:14:31","2022/03/21 14:14:31","ゆめじん有限会社"
"TK-002u","2022/03/19 17:22:23","2022/03/19 17:22:23","ゆめじん有限会社"
"TK-002x","2022/03/22 09:19:19","2022/03/22 09:19:19","ゆめじん有限会社"
"TK-003","2022/03/19 17:20:59","2022/03/19 17:20:59","ゆめじん有限会社"
"TK-005","2022/03/19 17:19:09","2022/03/19 17:19:09","ゆめじん有限会社"
"TK-006","2022/03/19 17:18:08","2022/03/19 17:18:08","ゆめじん有限会社"
"TK-007","2022/03/19 17:16:42","2022/03/19 17:16:42","ゆめじん有限会社"
"TKA-001","2022/03/22 09:54:15","2022/03/22 09:54:15","ゆめじん有限会社"
"TKH-040","2022/03/19 17:02:29","2022/03/19 17:02:29","ゆめじん有限会社"
"TKS-001","2022/03/19 17:05:42","2022/03/19 17:05:42","ゆめじん有限会社"
"TKS-002","2022/03/19 17:05:15","2022/03/19 17:05:15","ゆめじん有限会社"
"TKS-003","2022/03/19 17:04:55","2022/03/19 17:04:55","ゆめじん有限会社"
"TKS-004","2022/03/19 17:04:32","2022/03/19 17:04:32","ゆめじん有限会社"
"TKS-005","2022/03/19 17:04:05","2022/03/19 17:04:05","ゆめじん有限会社"
"TKS-008","2022/03/19 17:03:45","2022/03/19 17:03:45","ゆめじん有限会社"
"TKT-003","2022/03/19 16:50:24","2022/03/19 16:50:24","ゆめじん有限会社"
"TKT-004","2022/03/22 09:55:53","2022/03/22 09:55:53","ゆめじん有限会社"
"T-OR-SE001","2025/02/17 16:18:22","2025/02/17 16:18:22","ゆめじん有限会社"
"T-OR-SE001DM01","2022/03/21 20:37:30","2022/03/21 20:37:30","ゆめじん有限会社"
"T-OR-SE001SD","2022/03/21 20:40:27","2022/03/21 20:40:27","ゆめじん有限会社"
"T-OR-SE001SM","2022/03/21 20:38:19","2022/03/21 20:38:19","ゆめじん有限会社"
"VDWD-001","2025/03/18 10:06:01","2025/03/18 10:06:01","ゆめじん有限会社"
"VDWD-002","2025/02/04 11:19:35","2025/02/04 11:19:35","ゆめじん有限会社"
"VDWD-003","2025/03/18 10:06:56","2025/03/18 10:06:56","ゆめじん有限会社"
"VDWD-004","2025/03/18 10:10:40","2025/03/18 10:10:40","ゆめじん有限会社"
"WC-001","2022/03/22 09:14:10","2022/03/22 09:14:10","ゆめじん有限会社"
"WC-002","2022/03/22 09:13:42","2022/03/22 09:13:42","ゆめじん有限会社"
"WC-003","2022/03/22 09:14:51","2022/03/22 09:14:51","ゆめじん有限会社"
"WC-004","2022/03/22 09:15:28","2022/03/22 09:15:28","ゆめじん有限会社"
"WC-005","2022/03/22 09:15:47","2022/03/22 09:15:47","ゆめじん有限会社"
"WC-006","2022/03/22 09:16:11","2022/03/22 09:16:11","ゆめじん有限会社"
"WC-007","2022/03/22 09:16:27","2022/03/22 09:16:27","ゆめじん有限会社"
"WC-008","2022/03/22 09:16:46","2022/03/22 09:16:46","ゆめじん有限会社"
"wd-Gft_001","","",""
"wd-Gft_002","","",""
"wd-Gft_003","","",""
"wd-Gft_004","","",""
"Y-hs-01t","2022/03/21 20:29:32","2022/03/21 20:29:32","ゆめじん有限会社"
